semana,tipo,titulo,competencias
1,conteúdo,"Ambiente R e primeiro problema econômico","Objetos, projetos, primeiro gráfico e Quarto mínimo"
2,conteúdo,"Atividade econômica e IBGE/SIDRA","Importar, filtrar, transformar, agrupar e visualizar"
3,conteúdo,"Inflação, poder de compra e renda real","Datas, composição da inflação, índice e deflação"
4,conteúdo,"Comparação internacional e API do FMI","Formato longo, metadados, junções e início do Projeto 1"
5,conteúdo,"Contas públicas brasileiras","Resultado primário, juros, nominal e dívida; unidades e sinais"
6,conteúdo,"Receitas, despesas e previdência","RTN, rubricas, composição e orientação do Projeto 1"
7,avaliação,"Projeto 1 país–EUA","Entrega e defesa individual, peso 40%"
8,conteúdo,"Regras fiscais e dinâmica da dívida","Estoques, fluxos, unidades e simulações; extensão SICONFI"
9,conteúdo,"Mercado de trabalho brasileiro","PNADC/SIDRA, população coberta, taxas e rendimento real"
10,conteúdo,"RAIS e Novo CAGED","Registros administrativos, estoque, fluxos, categorias e agregação"
11,conteúdo,"Distribuição de renda e desigualdade","Gini, Lorenz, pesos e comparação entre conceitos"
12,conteúdo,"Laboratório integrador do Projeto 2","Novas fontes, junções, cobertura e validação de código com IA"
13,revisão,"Revisão de competências","Dúvidas, diagnóstico de erros e preparação da entrega final"
14,avaliação,"Projeto 2 de aprofundamento","Entrega e defesa individual, peso 60%"
15,vista,"Vista e devolutiva","Discussão de resultados, critérios e correções"
16,reserva,"Reserva de calendário","Sem conteúdo obrigatório novo; data a confirmar"
17,reserva,"Reserva de calendário","Sem conteúdo obrigatório novo; data a confirmar"
