competencia,uf,municipio,sexo,setor,admissoes,desligamentos,registros,movimentos_ausentes,saldo
202412,35,355030,1,A,73,88,161,0,-15
202412,35,355030,1,B,15,10,25,0,5
202412,35,355030,1,C,2972,4951,7923,0,-1979
202412,35,355030,1,D,291,60,351,0,231
202412,35,355030,1,E,403,368,771,0,35
202412,35,355030,1,F,10695,18931,29626,0,-8236
202412,35,355030,1,G,14831,18184,33015,0,-3353
202412,35,355030,1,H,5127,5255,10382,0,-128
202412,35,355030,1,I,5114,6648,11762,0,-1534
202412,35,355030,1,J,3001,3316,6317,0,-315
202412,35,355030,1,K,1802,1879,3681,0,-77
202412,35,355030,1,L,270,286,556,0,-16
202412,35,355030,1,M,4078,4808,8886,0,-730
202412,35,355030,1,N,36668,42157,78825,0,-5489
202412,35,355030,1,O,18,50,68,0,-32
202412,35,355030,1,P,606,3224,3830,0,-2618
202412,35,355030,1,Q,2566,2634,5200,0,-68
202412,35,355030,1,R,549,595,1144,0,-46
202412,35,355030,1,S,867,1129,1996,0,-262
202412,35,355030,1,T,2,3,5,0,-1
202412,35,355030,1,U,1,3,4,0,-2
202412,35,355030,3,A,58,52,110,0,6
202412,35,355030,3,B,2,8,10,0,-6
202412,35,355030,3,C,1789,3245,5034,0,-1456
202412,35,355030,3,D,63,38,101,0,25
202412,35,355030,3,E,96,79,175,0,17
202412,35,355030,3,F,1278,1788,3066,0,-510
202412,35,355030,3,G,15682,18587,34269,0,-2905
202412,35,355030,3,H,1475,1593,3068,0,-118
202412,35,355030,3,I,5604,8201,13805,0,-2597
202412,35,355030,3,J,2011,2244,4255,0,-233
202412,35,355030,3,K,1839,1990,3829,0,-151
202412,35,355030,3,L,322,382,704,0,-60
202412,35,355030,3,M,3949,4135,8084,0,-186
202412,35,355030,3,N,45628,56676,102304,0,-11048
202412,35,355030,3,O,14,46,60,0,-32
202412,35,355030,3,P,1046,9718,10764,0,-8672
202412,35,355030,3,Q,7396,8048,15444,0,-652
202412,35,355030,3,R,572,613,1185,0,-41
202412,35,355030,3,S,1524,2578,4102,0,-1054
202412,35,355030,3,T,4,4,8,0,0
202412,35,355030,3,U,2,7,9,0,-5
