periodo,valor,unidade,variavel,categoria,tabela,codigo_variavel
201901,12.2,%,"Taxa de desocupação, na semana de referência, das pessoas de 14 anos ou mais de idade",nov-dez-jan 2019,6381,4099
201902,12.5,%,"Taxa de desocupação, na semana de referência, das pessoas de 14 anos ou mais de idade",dez-jan-fev 2019,6381,4099
201903,12.8,%,"Taxa de desocupação, na semana de referência, das pessoas de 14 anos ou mais de idade",jan-fev-mar 2019,6381,4099
201904,12.6,%,"Taxa de desocupação, na semana de referência, das pessoas de 14 anos ou mais de idade",fev-mar-abr 2019,6381,4099
201905,12.4,%,"Taxa de desocupação, na semana de referência, das pessoas de 14 anos ou mais de idade",mar-abr-mai 2019,6381,4099
201906,12.1,%,"Taxa de desocupação, na semana de referência, das pessoas de 14 anos ou mais de idade",abr-mai-jun 2019,6381,4099
201907,11.9,%,"Taxa de desocupação, na semana de referência, das pessoas de 14 anos ou mais de idade",mai-jun-jul 2019,6381,4099
201908,11.9,%,"Taxa de desocupação, na semana de referência, das pessoas de 14 anos ou mais de idade",jun-jul-ago 2019,6381,4099
201909,11.9,%,"Taxa de desocupação, na semana de referência, das pessoas de 14 anos ou mais de idade",jul-ago-set 2019,6381,4099
201910,11.7,%,"Taxa de desocupação, na semana de referência, das pessoas de 14 anos ou mais de idade",ago-set-out 2019,6381,4099
201911,11.3,%,"Taxa de desocupação, na semana de referência, das pessoas de 14 anos ou mais de idade",set-out-nov 2019,6381,4099
201912,11.1,%,"Taxa de desocupação, na semana de referência, das pessoas de 14 anos ou mais de idade",out-nov-dez 2019,6381,4099
202001,11.3,%,"Taxa de desocupação, na semana de referência, das pessoas de 14 anos ou mais de idade",nov-dez-jan 2020,6381,4099
202002,11.7,%,"Taxa de desocupação, na semana de referência, das pessoas de 14 anos ou mais de idade",dez-jan-fev 2020,6381,4099
202003,12.4,%,"Taxa de desocupação, na semana de referência, das pessoas de 14 anos ou mais de idade",jan-fev-mar 2020,6381,4099
202004,12.7,%,"Taxa de desocupação, na semana de referência, das pessoas de 14 anos ou mais de idade",fev-mar-abr 2020,6381,4099
202005,13.1,%,"Taxa de desocupação, na semana de referência, das pessoas de 14 anos ou mais de idade",mar-abr-mai 2020,6381,4099
202006,13.6,%,"Taxa de desocupação, na semana de referência, das pessoas de 14 anos ou mais de idade",abr-mai-jun 2020,6381,4099
202007,14.1,%,"Taxa de desocupação, na semana de referência, das pessoas de 14 anos ou mais de idade",mai-jun-jul 2020,6381,4099
202008,14.8,%,"Taxa de desocupação, na semana de referência, das pessoas de 14 anos ou mais de idade",jun-jul-ago 2020,6381,4099
202009,14.9,%,"Taxa de desocupação, na semana de referência, das pessoas de 14 anos ou mais de idade",jul-ago-set 2020,6381,4099
202010,14.6,%,"Taxa de desocupação, na semana de referência, das pessoas de 14 anos ou mais de idade",ago-set-out 2020,6381,4099
202011,14.3,%,"Taxa de desocupação, na semana de referência, das pessoas de 14 anos ou mais de idade",set-out-nov 2020,6381,4099
202012,14.2,%,"Taxa de desocupação, na semana de referência, das pessoas de 14 anos ou mais de idade",out-nov-dez 2020,6381,4099
202101,14.4,%,"Taxa de desocupação, na semana de referência, das pessoas de 14 anos ou mais de idade",nov-dez-jan 2021,6381,4099
202102,14.6,%,"Taxa de desocupação, na semana de referência, das pessoas de 14 anos ou mais de idade",dez-jan-fev 2021,6381,4099
202103,14.9,%,"Taxa de desocupação, na semana de referência, das pessoas de 14 anos ou mais de idade",jan-fev-mar 2021,6381,4099
202104,14.8,%,"Taxa de desocupação, na semana de referência, das pessoas de 14 anos ou mais de idade",fev-mar-abr 2021,6381,4099
202105,14.7,%,"Taxa de desocupação, na semana de referência, das pessoas de 14 anos ou mais de idade",mar-abr-mai 2021,6381,4099
202106,14.2,%,"Taxa de desocupação, na semana de referência, das pessoas de 14 anos ou mais de idade",abr-mai-jun 2021,6381,4099
202107,13.7,%,"Taxa de desocupação, na semana de referência, das pessoas de 14 anos ou mais de idade",mai-jun-jul 2021,6381,4099
202108,13.2,%,"Taxa de desocupação, na semana de referência, das pessoas de 14 anos ou mais de idade",jun-jul-ago 2021,6381,4099
202109,12.7,%,"Taxa de desocupação, na semana de referência, das pessoas de 14 anos ou mais de idade",jul-ago-set 2021,6381,4099
202110,12.1,%,"Taxa de desocupação, na semana de referência, das pessoas de 14 anos ou mais de idade",ago-set-out 2021,6381,4099
202111,11.6,%,"Taxa de desocupação, na semana de referência, das pessoas de 14 anos ou mais de idade",set-out-nov 2021,6381,4099
202112,11.1,%,"Taxa de desocupação, na semana de referência, das pessoas de 14 anos ou mais de idade",out-nov-dez 2021,6381,4099
202201,11.2,%,"Taxa de desocupação, na semana de referência, das pessoas de 14 anos ou mais de idade",nov-dez-jan 2022,6381,4099
202202,11.2,%,"Taxa de desocupação, na semana de referência, das pessoas de 14 anos ou mais de idade",dez-jan-fev 2022,6381,4099
202203,11.1,%,"Taxa de desocupação, na semana de referência, das pessoas de 14 anos ou mais de idade",jan-fev-mar 2022,6381,4099
202204,10.5,%,"Taxa de desocupação, na semana de referência, das pessoas de 14 anos ou mais de idade",fev-mar-abr 2022,6381,4099
202205,9.8,%,"Taxa de desocupação, na semana de referência, das pessoas de 14 anos ou mais de idade",mar-abr-mai 2022,6381,4099
202206,9.3,%,"Taxa de desocupação, na semana de referência, das pessoas de 14 anos ou mais de idade",abr-mai-jun 2022,6381,4099
202207,9.1,%,"Taxa de desocupação, na semana de referência, das pessoas de 14 anos ou mais de idade",mai-jun-jul 2022,6381,4099
202208,8.9,%,"Taxa de desocupação, na semana de referência, das pessoas de 14 anos ou mais de idade",jun-jul-ago 2022,6381,4099
202209,8.7,%,"Taxa de desocupação, na semana de referência, das pessoas de 14 anos ou mais de idade",jul-ago-set 2022,6381,4099
202210,8.3,%,"Taxa de desocupação, na semana de referência, das pessoas de 14 anos ou mais de idade",ago-set-out 2022,6381,4099
202211,8.1,%,"Taxa de desocupação, na semana de referência, das pessoas de 14 anos ou mais de idade",set-out-nov 2022,6381,4099
202212,7.9,%,"Taxa de desocupação, na semana de referência, das pessoas de 14 anos ou mais de idade",out-nov-dez 2022,6381,4099
202301,8.4,%,"Taxa de desocupação, na semana de referência, das pessoas de 14 anos ou mais de idade",nov-dez-jan 2023,6381,4099
202302,8.6,%,"Taxa de desocupação, na semana de referência, das pessoas de 14 anos ou mais de idade",dez-jan-fev 2023,6381,4099
202303,8.8,%,"Taxa de desocupação, na semana de referência, das pessoas de 14 anos ou mais de idade",jan-fev-mar 2023,6381,4099
202304,8.5,%,"Taxa de desocupação, na semana de referência, das pessoas de 14 anos ou mais de idade",fev-mar-abr 2023,6381,4099
202305,8.3,%,"Taxa de desocupação, na semana de referência, das pessoas de 14 anos ou mais de idade",mar-abr-mai 2023,6381,4099
202306,8.0,%,"Taxa de desocupação, na semana de referência, das pessoas de 14 anos ou mais de idade",abr-mai-jun 2023,6381,4099
202307,7.9,%,"Taxa de desocupação, na semana de referência, das pessoas de 14 anos ou mais de idade",mai-jun-jul 2023,6381,4099
202308,7.8,%,"Taxa de desocupação, na semana de referência, das pessoas de 14 anos ou mais de idade",jun-jul-ago 2023,6381,4099
202309,7.7,%,"Taxa de desocupação, na semana de referência, das pessoas de 14 anos ou mais de idade",jul-ago-set 2023,6381,4099
202310,7.6,%,"Taxa de desocupação, na semana de referência, das pessoas de 14 anos ou mais de idade",ago-set-out 2023,6381,4099
202311,7.5,%,"Taxa de desocupação, na semana de referência, das pessoas de 14 anos ou mais de idade",set-out-nov 2023,6381,4099
202312,7.4,%,"Taxa de desocupação, na semana de referência, das pessoas de 14 anos ou mais de idade",out-nov-dez 2023,6381,4099
202401,7.6,%,"Taxa de desocupação, na semana de referência, das pessoas de 14 anos ou mais de idade",nov-dez-jan 2024,6381,4099
202402,7.8,%,"Taxa de desocupação, na semana de referência, das pessoas de 14 anos ou mais de idade",dez-jan-fev 2024,6381,4099
202403,7.9,%,"Taxa de desocupação, na semana de referência, das pessoas de 14 anos ou mais de idade",jan-fev-mar 2024,6381,4099
202404,7.5,%,"Taxa de desocupação, na semana de referência, das pessoas de 14 anos ou mais de idade",fev-mar-abr 2024,6381,4099
202405,7.1,%,"Taxa de desocupação, na semana de referência, das pessoas de 14 anos ou mais de idade",mar-abr-mai 2024,6381,4099
202406,6.9,%,"Taxa de desocupação, na semana de referência, das pessoas de 14 anos ou mais de idade",abr-mai-jun 2024,6381,4099
202407,6.8,%,"Taxa de desocupação, na semana de referência, das pessoas de 14 anos ou mais de idade",mai-jun-jul 2024,6381,4099
202408,6.6,%,"Taxa de desocupação, na semana de referência, das pessoas de 14 anos ou mais de idade",jun-jul-ago 2024,6381,4099
202409,6.4,%,"Taxa de desocupação, na semana de referência, das pessoas de 14 anos ou mais de idade",jul-ago-set 2024,6381,4099
202410,6.2,%,"Taxa de desocupação, na semana de referência, das pessoas de 14 anos ou mais de idade",ago-set-out 2024,6381,4099
202411,6.1,%,"Taxa de desocupação, na semana de referência, das pessoas de 14 anos ou mais de idade",set-out-nov 2024,6381,4099
202412,6.2,%,"Taxa de desocupação, na semana de referência, das pessoas de 14 anos ou mais de idade",out-nov-dez 2024,6381,4099
202501,6.5,%,"Taxa de desocupação, na semana de referência, das pessoas de 14 anos ou mais de idade",nov-dez-jan 2025,6381,4099
202502,6.8,%,"Taxa de desocupação, na semana de referência, das pessoas de 14 anos ou mais de idade",dez-jan-fev 2025,6381,4099
202503,7.0,%,"Taxa de desocupação, na semana de referência, das pessoas de 14 anos ou mais de idade",jan-fev-mar 2025,6381,4099
202504,6.6,%,"Taxa de desocupação, na semana de referência, das pessoas de 14 anos ou mais de idade",fev-mar-abr 2025,6381,4099
202505,6.2,%,"Taxa de desocupação, na semana de referência, das pessoas de 14 anos ou mais de idade",mar-abr-mai 2025,6381,4099
202506,5.8,%,"Taxa de desocupação, na semana de referência, das pessoas de 14 anos ou mais de idade",abr-mai-jun 2025,6381,4099
202507,5.6,%,"Taxa de desocupação, na semana de referência, das pessoas de 14 anos ou mais de idade",mai-jun-jul 2025,6381,4099
202508,5.6,%,"Taxa de desocupação, na semana de referência, das pessoas de 14 anos ou mais de idade",jun-jul-ago 2025,6381,4099
202509,5.6,%,"Taxa de desocupação, na semana de referência, das pessoas de 14 anos ou mais de idade",jul-ago-set 2025,6381,4099
202510,5.4,%,"Taxa de desocupação, na semana de referência, das pessoas de 14 anos ou mais de idade",ago-set-out 2025,6381,4099
202511,5.2,%,"Taxa de desocupação, na semana de referência, das pessoas de 14 anos ou mais de idade",set-out-nov 2025,6381,4099
202512,5.1,%,"Taxa de desocupação, na semana de referência, das pessoas de 14 anos ou mais de idade",out-nov-dez 2025,6381,4099
