indicador,nome,unidade,fonte,inicio_projecao,descricao,atualizado_fonte,extraido_utc
NGDP_RPCH,Real GDP growth,Annual percent change,World Economic Outlook (April 2026),2026,"Gross domestic product is the most commonly used single measure of a country's overall economic activity. It represents the total value at constant prices of final goods and services produced within a country during a specified time period, such as one year.",2026-04-08 16:07:34,2026-10-03T20:33:33.553099+00:00
PCPIPCH,"Inflation rate, average consumer prices",Annual percent change,World Economic Outlook (April 2026),2026,"The average consumer price index (CPI) is a measure of a country's average level of prices based on the cost of a typical basket of consumer goods and services in a given period. The rate of inflation is the percent change in the average CPI.
 
",2026-04-08 16:07:39,2026-10-03T20:33:33.553099+00:00
GGXWDG_NGDP,General government gross debt,Percent of GDP,World Economic Outlook (April 2026),2026,"Gross debt consists of all liabilities that require payment or payments of interest and/or principal by the debtor to the creditor at a date or dates in the future. This includes debt liabilities in the form of SDRs, currency and deposits, debt securities, loans, insurance, pensions and standardized guarantee schemes, and other accounts payable. Thus, all liabilities in the GFSM 2001 system are debt, except for equity and investment fund shares and financial derivatives and employee stock options. Debt can be valued at current market, nominal, or face values (GFSM 2001, paragraph 7.110).",2026-04-08 16:07:44,2026-10-03T20:33:33.553099+00:00
GGXCNL_NGDP,General government net lending/borrowing,Percent of GDP,World Economic Outlook (April 2026),2026,"Net lending (+)/ borrowing () is calculated as revenue minus total expenditure. This is a core GFS balance that measures the extent to which general government is either putting financial resources at the disposal of other sectors in the economy and nonresidents (net lending), or utilizing the financial resources generated by other sectors and nonresidents (net borrowing). This balance may be viewed as an indicator of the financial impact of general government activity on the rest of the economy and nonresidents (GFSM 2001, paragraph 4.17). Note: Net lending (+)/borrowing () is also equal to net acquisition of financial assets minus net incurrence of liabilities.",2026-04-08 16:07:43,2026-10-03T20:33:33.553099+00:00
BCA_NGDPD,"Current account balance, percent of GDP",Percent of GDP,World Economic Outlook (April 2026),2026,"The current account is the record of all transactions in the balance of payments covering the exports and imports of goods and services, payments of income, and current transfers between residents of a country and nonresidents.",2026-04-08 16:07:41,2026-10-03T20:33:33.553099+00:00
LUR,Unemployment rate,Percent,World Economic Outlook (April 2026),2026,The number of unemployed persons as a percentage of the total labor force.,2026-04-08 16:07:42,2026-10-03T20:33:33.553099+00:00
NGDPDPC,"GDP per capita, current prices
",U.S. dollars per capita,World Economic Outlook (April 2026),2026,Gross domestic product is the most commonly used single measure of a country's overall economic activity. It represents the total value at current prices of final goods and services produced within a country during a specified time period divided by the average population for the same one year.,2026-04-08 16:07:36,2026-10-03T20:33:33.553099+00:00
PPPGDP,"GDP, current prices",Purchasing power parity; billions of international dollars,World Economic Outlook (April 2026),2026,"Gross domestic product is the most commonly used single measure of a country's overall economic activity. It represents the total value in PPP terms of final goods and services produced within a country during a specified time period.

Purchasing Power Parity (PPP) is a theory which relates changes in the nominal exchange rate between two countries currencies to changes in the countries' price levels. More information on PPP methodology can be found on the World Economic Outlook FAQ - <a href=""https://data.imf.org/en/Datasets/WEO/Frequently-Asked-Questions"" target=""new"">click here</a>",2026-04-08 16:07:36,2026-10-03T20:33:33.553099+00:00
