ano,setor,vinculos,unidade,cobertura,pagina
2023,Agropecuária,1769926,vínculos ativos em 31/12,Brasil; vínculos formais públicos e privados,8
2024,Agropecuária,1782941,vínculos ativos em 31/12,Brasil; vínculos formais públicos e privados,8
2023,Indústria,8567521,vínculos ativos em 31/12,Brasil; vínculos formais públicos e privados,8
2024,Indústria,8863837,vínculos ativos em 31/12,Brasil; vínculos formais públicos e privados,8
2023,Construção,2804565,vínculos ativos em 31/12,Brasil; vínculos formais públicos e privados,8
2024,Construção,2884807,vínculos ativos em 31/12,Brasil; vínculos formais públicos e privados,8
2023,Comércio,10090434,vínculos ativos em 31/12,Brasil; vínculos formais públicos e privados,8
2024,Comércio,10314045,vínculos ativos em 31/12,Brasil; vínculos formais públicos e privados,8
2023,Serviços,32084085,vínculos ativos em 31/12,Brasil; vínculos formais públicos e privados,8
2024,Serviços,33283281,vínculos ativos em 31/12,Brasil; vínculos formais públicos e privados,8
2023,Total publicado,55316614,vínculos ativos em 31/12,Brasil; vínculos formais públicos e privados,8
2024,Total publicado,57132156,vínculos ativos em 31/12,Brasil; vínculos formais públicos e privados,8
