periodo,valor,unidade,variavel,categoria,tabela,codigo_variavel
201901,3263.0,Reais,"Rendimento médio mensal real das pessoas de 14 anos ou mais de idade ocupadas na semana de referência com rendimento de trabalho, habitualmente recebido no trabalho principal",Total,6389,5932
201902,3276.0,Reais,"Rendimento médio mensal real das pessoas de 14 anos ou mais de idade ocupadas na semana de referência com rendimento de trabalho, habitualmente recebido no trabalho principal",Total,6389,5932
201903,3263.0,Reais,"Rendimento médio mensal real das pessoas de 14 anos ou mais de idade ocupadas na semana de referência com rendimento de trabalho, habitualmente recebido no trabalho principal",Total,6389,5932
201904,3246.0,Reais,"Rendimento médio mensal real das pessoas de 14 anos ou mais de idade ocupadas na semana de referência com rendimento de trabalho, habitualmente recebido no trabalho principal",Total,6389,5932
201905,3221.0,Reais,"Rendimento médio mensal real das pessoas de 14 anos ou mais de idade ocupadas na semana de referência com rendimento de trabalho, habitualmente recebido no trabalho principal",Total,6389,5932
201906,3218.0,Reais,"Rendimento médio mensal real das pessoas de 14 anos ou mais de idade ocupadas na semana de referência com rendimento de trabalho, habitualmente recebido no trabalho principal",Total,6389,5932
201907,3209.0,Reais,"Rendimento médio mensal real das pessoas de 14 anos ou mais de idade ocupadas na semana de referência com rendimento de trabalho, habitualmente recebido no trabalho principal",Total,6389,5932
201908,3222.0,Reais,"Rendimento médio mensal real das pessoas de 14 anos ou mais de idade ocupadas na semana de referência com rendimento de trabalho, habitualmente recebido no trabalho principal",Total,6389,5932
201909,3225.0,Reais,"Rendimento médio mensal real das pessoas de 14 anos ou mais de idade ocupadas na semana de referência com rendimento de trabalho, habitualmente recebido no trabalho principal",Total,6389,5932
201910,3246.0,Reais,"Rendimento médio mensal real das pessoas de 14 anos ou mais de idade ocupadas na semana de referência com rendimento de trabalho, habitualmente recebido no trabalho principal",Total,6389,5932
201911,3259.0,Reais,"Rendimento médio mensal real das pessoas de 14 anos ou mais de idade ocupadas na semana de referência com rendimento de trabalho, habitualmente recebido no trabalho principal",Total,6389,5932
201912,3248.0,Reais,"Rendimento médio mensal real das pessoas de 14 anos ou mais de idade ocupadas na semana de referência com rendimento de trabalho, habitualmente recebido no trabalho principal",Total,6389,5932
202001,3259.0,Reais,"Rendimento médio mensal real das pessoas de 14 anos ou mais de idade ocupadas na semana de referência com rendimento de trabalho, habitualmente recebido no trabalho principal",Total,6389,5932
202002,3267.0,Reais,"Rendimento médio mensal real das pessoas de 14 anos ou mais de idade ocupadas na semana de referência com rendimento de trabalho, habitualmente recebido no trabalho principal",Total,6389,5932
202003,3294.0,Reais,"Rendimento médio mensal real das pessoas de 14 anos ou mais de idade ocupadas na semana de referência com rendimento de trabalho, habitualmente recebido no trabalho principal",Total,6389,5932
202004,3334.0,Reais,"Rendimento médio mensal real das pessoas de 14 anos ou mais de idade ocupadas na semana de referência com rendimento de trabalho, habitualmente recebido no trabalho principal",Total,6389,5932
202005,3392.0,Reais,"Rendimento médio mensal real das pessoas de 14 anos ou mais de idade ocupadas na semana de referência com rendimento de trabalho, habitualmente recebido no trabalho principal",Total,6389,5932
202006,3444.0,Reais,"Rendimento médio mensal real das pessoas de 14 anos ou mais de idade ocupadas na semana de referência com rendimento de trabalho, habitualmente recebido no trabalho principal",Total,6389,5932
202007,3484.0,Reais,"Rendimento médio mensal real das pessoas de 14 anos ou mais de idade ocupadas na semana de referência com rendimento de trabalho, habitualmente recebido no trabalho principal",Total,6389,5932
202008,3481.0,Reais,"Rendimento médio mensal real das pessoas de 14 anos ou mais de idade ocupadas na semana de referência com rendimento de trabalho, habitualmente recebido no trabalho principal",Total,6389,5932
202009,3484.0,Reais,"Rendimento médio mensal real das pessoas de 14 anos ou mais de idade ocupadas na semana de referência com rendimento de trabalho, habitualmente recebido no trabalho principal",Total,6389,5932
202010,3433.0,Reais,"Rendimento médio mensal real das pessoas de 14 anos ou mais de idade ocupadas na semana de referência com rendimento de trabalho, habitualmente recebido no trabalho principal",Total,6389,5932
202011,3398.0,Reais,"Rendimento médio mensal real das pessoas de 14 anos ou mais de idade ocupadas na semana de referência com rendimento de trabalho, habitualmente recebido no trabalho principal",Total,6389,5932
202012,3349.0,Reais,"Rendimento médio mensal real das pessoas de 14 anos ou mais de idade ocupadas na semana de referência com rendimento de trabalho, habitualmente recebido no trabalho principal",Total,6389,5932
202101,3332.0,Reais,"Rendimento médio mensal real das pessoas de 14 anos ou mais de idade ocupadas na semana de referência com rendimento de trabalho, habitualmente recebido no trabalho principal",Total,6389,5932
202102,3298.0,Reais,"Rendimento médio mensal real das pessoas de 14 anos ou mais de idade ocupadas na semana de referência com rendimento de trabalho, habitualmente recebido no trabalho principal",Total,6389,5932
202103,3310.0,Reais,"Rendimento médio mensal real das pessoas de 14 anos ou mais de idade ocupadas na semana de referência com rendimento de trabalho, habitualmente recebido no trabalho principal",Total,6389,5932
202104,3270.0,Reais,"Rendimento médio mensal real das pessoas de 14 anos ou mais de idade ocupadas na semana de referência com rendimento de trabalho, habitualmente recebido no trabalho principal",Total,6389,5932
202105,3260.0,Reais,"Rendimento médio mensal real das pessoas de 14 anos ou mais de idade ocupadas na semana de referência com rendimento de trabalho, habitualmente recebido no trabalho principal",Total,6389,5932
202106,3207.0,Reais,"Rendimento médio mensal real das pessoas de 14 anos ou mais de idade ocupadas na semana de referência com rendimento de trabalho, habitualmente recebido no trabalho principal",Total,6389,5932
202107,3185.0,Reais,"Rendimento médio mensal real das pessoas de 14 anos ou mais de idade ocupadas na semana de referência com rendimento de trabalho, habitualmente recebido no trabalho principal",Total,6389,5932
202108,3139.0,Reais,"Rendimento médio mensal real das pessoas de 14 anos ou mais de idade ocupadas na semana de referência com rendimento de trabalho, habitualmente recebido no trabalho principal",Total,6389,5932
202109,3083.0,Reais,"Rendimento médio mensal real das pessoas de 14 anos ou mais de idade ocupadas na semana de referência com rendimento de trabalho, habitualmente recebido no trabalho principal",Total,6389,5932
202110,3040.0,Reais,"Rendimento médio mensal real das pessoas de 14 anos ou mais de idade ocupadas na semana de referência com rendimento de trabalho, habitualmente recebido no trabalho principal",Total,6389,5932
202111,3004.0,Reais,"Rendimento médio mensal real das pessoas de 14 anos ou mais de idade ocupadas na semana de referência com rendimento de trabalho, habitualmente recebido no trabalho principal",Total,6389,5932
202112,2980.0,Reais,"Rendimento médio mensal real das pessoas de 14 anos ou mais de idade ocupadas na semana de referência com rendimento de trabalho, habitualmente recebido no trabalho principal",Total,6389,5932
202201,3010.0,Reais,"Rendimento médio mensal real das pessoas de 14 anos ou mais de idade ocupadas na semana de referência com rendimento de trabalho, habitualmente recebido no trabalho principal",Total,6389,5932
202202,3018.0,Reais,"Rendimento médio mensal real das pessoas de 14 anos ou mais de idade ocupadas na semana de referência com rendimento de trabalho, habitualmente recebido no trabalho principal",Total,6389,5932
202203,3034.0,Reais,"Rendimento médio mensal real das pessoas de 14 anos ou mais de idade ocupadas na semana de referência com rendimento de trabalho, habitualmente recebido no trabalho principal",Total,6389,5932
202204,3023.0,Reais,"Rendimento médio mensal real das pessoas de 14 anos ou mais de idade ocupadas na semana de referência com rendimento de trabalho, habitualmente recebido no trabalho principal",Total,6389,5932
202205,3033.0,Reais,"Rendimento médio mensal real das pessoas de 14 anos ou mais de idade ocupadas na semana de referência com rendimento de trabalho, habitualmente recebido no trabalho principal",Total,6389,5932
202206,3052.0,Reais,"Rendimento médio mensal real das pessoas de 14 anos ou mais de idade ocupadas na semana de referência com rendimento de trabalho, habitualmente recebido no trabalho principal",Total,6389,5932
202207,3087.0,Reais,"Rendimento médio mensal real das pessoas de 14 anos ou mais de idade ocupadas na semana de referência com rendimento de trabalho, habitualmente recebido no trabalho principal",Total,6389,5932
202208,3117.0,Reais,"Rendimento médio mensal real das pessoas de 14 anos ou mais de idade ocupadas na semana de referência com rendimento de trabalho, habitualmente recebido no trabalho principal",Total,6389,5932
202209,3159.0,Reais,"Rendimento médio mensal real das pessoas de 14 anos ou mais de idade ocupadas na semana de referência com rendimento de trabalho, habitualmente recebido no trabalho principal",Total,6389,5932
202210,3183.0,Reais,"Rendimento médio mensal real das pessoas de 14 anos ou mais de idade ocupadas na semana de referência com rendimento de trabalho, habitualmente recebido no trabalho principal",Total,6389,5932
202211,3215.0,Reais,"Rendimento médio mensal real das pessoas de 14 anos ou mais de idade ocupadas na semana de referência com rendimento de trabalho, habitualmente recebido no trabalho principal",Total,6389,5932
202212,3222.0,Reais,"Rendimento médio mensal real das pessoas de 14 anos ou mais de idade ocupadas na semana de referência com rendimento de trabalho, habitualmente recebido no trabalho principal",Total,6389,5932
202301,3236.0,Reais,"Rendimento médio mensal real das pessoas de 14 anos ou mais de idade ocupadas na semana de referência com rendimento de trabalho, habitualmente recebido no trabalho principal",Total,6389,5932
202302,3237.0,Reais,"Rendimento médio mensal real das pessoas de 14 anos ou mais de idade ocupadas na semana de referência com rendimento de trabalho, habitualmente recebido no trabalho principal",Total,6389,5932
202303,3246.0,Reais,"Rendimento médio mensal real das pessoas de 14 anos ou mais de idade ocupadas na semana de referência com rendimento de trabalho, habitualmente recebido no trabalho principal",Total,6389,5932
202304,3231.0,Reais,"Rendimento médio mensal real das pessoas de 14 anos ou mais de idade ocupadas na semana de referência com rendimento de trabalho, habitualmente recebido no trabalho principal",Total,6389,5932
202305,3227.0,Reais,"Rendimento médio mensal real das pessoas de 14 anos ou mais de idade ocupadas na semana de referência com rendimento de trabalho, habitualmente recebido no trabalho principal",Total,6389,5932
202306,3240.0,Reais,"Rendimento médio mensal real das pessoas de 14 anos ou mais de idade ocupadas na semana de referência com rendimento de trabalho, habitualmente recebido no trabalho principal",Total,6389,5932
202307,3259.0,Reais,"Rendimento médio mensal real das pessoas de 14 anos ou mais de idade ocupadas na semana de referência com rendimento de trabalho, habitualmente recebido no trabalho principal",Total,6389,5932
202308,3267.0,Reais,"Rendimento médio mensal real das pessoas de 14 anos ou mais de idade ocupadas na semana de referência com rendimento de trabalho, habitualmente recebido no trabalho principal",Total,6389,5932
202309,3299.0,Reais,"Rendimento médio mensal real das pessoas de 14 anos ou mais de idade ocupadas na semana de referência com rendimento de trabalho, habitualmente recebido no trabalho principal",Total,6389,5932
202310,3310.0,Reais,"Rendimento médio mensal real das pessoas de 14 anos ou mais de idade ocupadas na semana de referência com rendimento de trabalho, habitualmente recebido no trabalho principal",Total,6389,5932
202311,3338.0,Reais,"Rendimento médio mensal real das pessoas de 14 anos ou mais de idade ocupadas na semana de referência com rendimento de trabalho, habitualmente recebido no trabalho principal",Total,6389,5932
202312,3323.0,Reais,"Rendimento médio mensal real das pessoas de 14 anos ou mais de idade ocupadas na semana de referência com rendimento de trabalho, habitualmente recebido no trabalho principal",Total,6389,5932
202401,3359.0,Reais,"Rendimento médio mensal real das pessoas de 14 anos ou mais de idade ocupadas na semana de referência com rendimento de trabalho, habitualmente recebido no trabalho principal",Total,6389,5932
202402,3374.0,Reais,"Rendimento médio mensal real das pessoas de 14 anos ou mais de idade ocupadas na semana de referência com rendimento de trabalho, habitualmente recebido no trabalho principal",Total,6389,5932
202403,3369.0,Reais,"Rendimento médio mensal real das pessoas de 14 anos ou mais de idade ocupadas na semana de referência com rendimento de trabalho, habitualmente recebido no trabalho principal",Total,6389,5932
202404,3380.0,Reais,"Rendimento médio mensal real das pessoas de 14 anos ou mais de idade ocupadas na semana de referência com rendimento de trabalho, habitualmente recebido no trabalho principal",Total,6389,5932
202405,3397.0,Reais,"Rendimento médio mensal real das pessoas de 14 anos ou mais de idade ocupadas na semana de referência com rendimento de trabalho, habitualmente recebido no trabalho principal",Total,6389,5932
202406,3419.0,Reais,"Rendimento médio mensal real das pessoas de 14 anos ou mais de idade ocupadas na semana de referência com rendimento de trabalho, habitualmente recebido no trabalho principal",Total,6389,5932
202407,3403.0,Reais,"Rendimento médio mensal real das pessoas de 14 anos ou mais de idade ocupadas na semana de referência com rendimento de trabalho, habitualmente recebido no trabalho principal",Total,6389,5932
202408,3422.0,Reais,"Rendimento médio mensal real das pessoas de 14 anos ou mais de idade ocupadas na semana de referência com rendimento de trabalho, habitualmente recebido no trabalho principal",Total,6389,5932
202409,3412.0,Reais,"Rendimento médio mensal real das pessoas de 14 anos ou mais de idade ocupadas na semana de referência com rendimento de trabalho, habitualmente recebido no trabalho principal",Total,6389,5932
202410,3426.0,Reais,"Rendimento médio mensal real das pessoas de 14 anos ou mais de idade ocupadas na semana de referência com rendimento de trabalho, habitualmente recebido no trabalho principal",Total,6389,5932
202411,3440.0,Reais,"Rendimento médio mensal real das pessoas de 14 anos ou mais de idade ocupadas na semana de referência com rendimento de trabalho, habitualmente recebido no trabalho principal",Total,6389,5932
202412,3457.0,Reais,"Rendimento médio mensal real das pessoas de 14 anos ou mais de idade ocupadas na semana de referência com rendimento de trabalho, habitualmente recebido no trabalho principal",Total,6389,5932
202501,3478.0,Reais,"Rendimento médio mensal real das pessoas de 14 anos ou mais de idade ocupadas na semana de referência com rendimento de trabalho, habitualmente recebido no trabalho principal",Total,6389,5932
202502,3495.0,Reais,"Rendimento médio mensal real das pessoas de 14 anos ou mais de idade ocupadas na semana de referência com rendimento de trabalho, habitualmente recebido no trabalho principal",Total,6389,5932
202503,3507.0,Reais,"Rendimento médio mensal real das pessoas de 14 anos ou mais de idade ocupadas na semana de referência com rendimento de trabalho, habitualmente recebido no trabalho principal",Total,6389,5932
202504,3490.0,Reais,"Rendimento médio mensal real das pessoas de 14 anos ou mais de idade ocupadas na semana de referência com rendimento de trabalho, habitualmente recebido no trabalho principal",Total,6389,5932
202505,3502.0,Reais,"Rendimento médio mensal real das pessoas de 14 anos ou mais de idade ocupadas na semana de referência com rendimento de trabalho, habitualmente recebido no trabalho principal",Total,6389,5932
202506,3530.0,Reais,"Rendimento médio mensal real das pessoas de 14 anos ou mais de idade ocupadas na semana de referência com rendimento de trabalho, habitualmente recebido no trabalho principal",Total,6389,5932
202507,3533.0,Reais,"Rendimento médio mensal real das pessoas de 14 anos ou mais de idade ocupadas na semana de referência com rendimento de trabalho, habitualmente recebido no trabalho principal",Total,6389,5932
202508,3535.0,Reais,"Rendimento médio mensal real das pessoas de 14 anos ou mais de idade ocupadas na semana de referência com rendimento de trabalho, habitualmente recebido no trabalho principal",Total,6389,5932
202509,3549.0,Reais,"Rendimento médio mensal real das pessoas de 14 anos ou mais de idade ocupadas na semana de referência com rendimento de trabalho, habitualmente recebido no trabalho principal",Total,6389,5932
202510,3563.0,Reais,"Rendimento médio mensal real das pessoas de 14 anos ou mais de idade ocupadas na semana de referência com rendimento de trabalho, habitualmente recebido no trabalho principal",Total,6389,5932
202511,3602.0,Reais,"Rendimento médio mensal real das pessoas de 14 anos ou mais de idade ocupadas na semana de referência com rendimento de trabalho, habitualmente recebido no trabalho principal",Total,6389,5932
202512,3633.0,Reais,"Rendimento médio mensal real das pessoas de 14 anos ou mais de idade ocupadas na semana de referência com rendimento de trabalho, habitualmente recebido no trabalho principal",Total,6389,5932
