data,rubrica,valor,unidade,aba
2019-01-01,3. RECEITA LÍQUIDA  (1-2),136888.056989907,R$ milhões correntes,1.1
2019-02-01,3. RECEITA LÍQUIDA  (1-2),85387.9752272254,R$ milhões correntes,1.1
2019-03-01,3. RECEITA LÍQUIDA  (1-2),94455.10860760712,R$ milhões correntes,1.1
2019-04-01,3. RECEITA LÍQUIDA  (1-2),124731.07202718419,R$ milhões correntes,1.1
2019-05-01,3. RECEITA LÍQUIDA  (1-2),90817.17455301873,R$ milhões correntes,1.1
2019-06-01,3. RECEITA LÍQUIDA  (1-2),92532.53772148228,R$ milhões correntes,1.1
2019-07-01,3. RECEITA LÍQUIDA  (1-2),114266.99372252291,R$ milhões correntes,1.1
2019-08-01,3. RECEITA LÍQUIDA  (1-2),94226.64779385432,R$ milhões correntes,1.1
2019-09-01,3. RECEITA LÍQUIDA  (1-2),102985.13456599496,R$ milhões correntes,1.1
2019-10-01,3. RECEITA LÍQUIDA  (1-2),116654.26538618113,R$ milhões correntes,1.1
2019-11-01,3. RECEITA LÍQUIDA  (1-2),101927.87267429265,R$ milhões correntes,1.1
2019-12-01,3. RECEITA LÍQUIDA  (1-2),192404.2589792961,R$ milhões correntes,1.1
2020-01-01,3. RECEITA LÍQUIDA  (1-2),151771.90997762393,R$ milhões correntes,1.1
2020-02-01,3. RECEITA LÍQUIDA  (1-2),82429.00614607052,R$ milhões correntes,1.1
2020-03-01,3. RECEITA LÍQUIDA  (1-2),91800.45675045118,R$ milhões correntes,1.1
2020-04-01,3. RECEITA LÍQUIDA  (1-2),82095.95533276765,R$ milhões correntes,1.1
2020-05-01,3. RECEITA LÍQUIDA  (1-2),54018.93193832163,R$ milhões correntes,1.1
2020-06-01,3. RECEITA LÍQUIDA  (1-2),64984.39657740366,R$ milhões correntes,1.1
2020-07-01,3. RECEITA LÍQUIDA  (1-2),90270.89927073034,R$ milhões correntes,1.1
2020-08-01,3. RECEITA LÍQUIDA  (1-2),102142.98113257693,R$ milhões correntes,1.1
2020-09-01,3. RECEITA LÍQUIDA  (1-2),106633.11817167512,R$ milhões correntes,1.1
2020-10-01,3. RECEITA LÍQUIDA  (1-2),133270.75105362016,R$ milhões correntes,1.1
2020-11-01,3. RECEITA LÍQUIDA  (1-2),113188.64608892957,R$ milhões correntes,1.1
2020-12-01,3. RECEITA LÍQUIDA  (1-2),131691.03689280758,R$ milhões correntes,1.1
2021-01-01,3. RECEITA LÍQUIDA  (1-2),155650.29435823506,R$ milhões correntes,1.1
2021-02-01,3. RECEITA LÍQUIDA  (1-2),95300.49033569326,R$ milhões correntes,1.1
2021-03-01,3. RECEITA LÍQUIDA  (1-2),118211.7678400858,R$ milhões correntes,1.1
2021-04-01,3. RECEITA LÍQUIDA  (1-2),139479.97765440357,R$ milhões correntes,1.1
2021-05-01,3. RECEITA LÍQUIDA  (1-2),112902.27063924384,R$ milhões correntes,1.1
2021-06-01,3. RECEITA LÍQUIDA  (1-2),110671.87935994567,R$ milhões correntes,1.1
2021-07-01,3. RECEITA LÍQUIDA  (1-2),139161.5776681303,R$ milhões correntes,1.1
2021-08-01,3. RECEITA LÍQUIDA  (1-2),118379.33068509298,R$ milhões correntes,1.1
2021-09-01,3. RECEITA LÍQUIDA  (1-2),128419.2148881868,R$ milhões correntes,1.1
2021-10-01,3. RECEITA LÍQUIDA  (1-2),156444.85898543388,R$ milhões correntes,1.1
2021-11-01,3. RECEITA LÍQUIDA  (1-2),131144.6544245287,R$ milhões correntes,1.1
2021-12-01,3. RECEITA LÍQUIDA  (1-2),173336.52787194494,R$ milhões correntes,1.1
2022-01-01,3. RECEITA LÍQUIDA  (1-2),203373.0250159457,R$ milhões correntes,1.1
2022-02-01,3. RECEITA LÍQUIDA  (1-2),116949.4709386848,R$ milhões correntes,1.1
2022-03-01,3. RECEITA LÍQUIDA  (1-2),140634.3927236646,R$ milhões correntes,1.1
2022-04-01,3. RECEITA LÍQUIDA  (1-2),166202.87484251035,R$ milhões correntes,1.1
2022-05-01,3. RECEITA LÍQUIDA  (1-2),122042.41488583545,R$ milhões correntes,1.1
2022-06-01,3. RECEITA LÍQUIDA  (1-2),190693.84502416308,R$ milhões correntes,1.1
2022-07-01,3. RECEITA LÍQUIDA  (1-2),162740.19652315852,R$ milhões correntes,1.1
2022-08-01,3. RECEITA LÍQUIDA  (1-2),138612.4193326842,R$ milhões correntes,1.1
2022-09-01,3. RECEITA LÍQUIDA  (1-2),146242.94220304702,R$ milhões correntes,1.1
2022-10-01,3. RECEITA LÍQUIDA  (1-2),170811.93598408313,R$ milhões correntes,1.1
2022-11-01,3. RECEITA LÍQUIDA  (1-2),125575.76382231447,R$ milhões correntes,1.1
2022-12-01,3. RECEITA LÍQUIDA  (1-2),172222.27161456237,R$ milhões correntes,1.1
2023-01-01,3. RECEITA LÍQUIDA  (1-2),220925.2899695516,R$ milhões correntes,1.1
2023-02-01,3. RECEITA LÍQUIDA  (1-2),102888.51223434448,R$ milhões correntes,1.1
2023-03-01,3. RECEITA LÍQUIDA  (1-2),145978.98450893647,R$ milhões correntes,1.1
2023-04-01,3. RECEITA LÍQUIDA  (1-2),170385.12293645096,R$ milhões correntes,1.1
2023-05-01,3. RECEITA LÍQUIDA  (1-2),145587.76945954052,R$ milhões correntes,1.1
2023-06-01,3. RECEITA LÍQUIDA  (1-2),145659.09111447638,R$ milhões correntes,1.1
2023-07-01,3. RECEITA LÍQUIDA  (1-2),160502.23095023312,R$ milhões correntes,1.1
2023-08-01,3. RECEITA LÍQUIDA  (1-2),134601.71022711904,R$ milhões correntes,1.1
2023-09-01,3. RECEITA LÍQUIDA  (1-2),170373.88480664798,R$ milhões correntes,1.1
2023-10-01,3. RECEITA LÍQUIDA  (1-2),180139.62752473852,R$ milhões correntes,1.1
2023-11-01,3. RECEITA LÍQUIDA  (1-2),137281.12827513742,R$ milhões correntes,1.1
2023-12-01,3. RECEITA LÍQUIDA  (1-2),187099.80473853648,R$ milhões correntes,1.1
2024-01-01,3. RECEITA LÍQUIDA  (1-2),237872.08555273621,R$ milhões correntes,1.1
2024-02-01,3. RECEITA LÍQUIDA  (1-2),132713.36142635642,R$ milhões correntes,1.1
2024-03-01,3. RECEITA LÍQUIDA  (1-2),164361.85281287454,R$ milhões correntes,1.1
2024-04-01,3. RECEITA LÍQUIDA  (1-2),191780.99479524486,R$ milhões correntes,1.1
2024-05-01,3. RECEITA LÍQUIDA  (1-2),165068.74065671317,R$ milhões correntes,1.1
2024-06-01,3. RECEITA LÍQUIDA  (1-2),160597.17653323972,R$ milhões correntes,1.1
2024-07-01,3. RECEITA LÍQUIDA  (1-2),183956.05263308922,R$ milhões correntes,1.1
2024-08-01,3. RECEITA LÍQUIDA  (1-2),149179.36559653867,R$ milhões correntes,1.1
2024-09-01,3. RECEITA LÍQUIDA  (1-2),162854.31957537076,R$ milhões correntes,1.1
2024-10-01,3. RECEITA LÍQUIDA  (1-2),209423.55656171063,R$ milhões correntes,1.1
2024-11-01,3. RECEITA LÍQUIDA  (1-2),167798.24913033604,R$ milhões correntes,1.1
2024-12-01,3. RECEITA LÍQUIDA  (1-2),236181.84675616043,R$ milhões correntes,1.1
2025-01-01,3. RECEITA LÍQUIDA  (1-2),258004.04353337252,R$ milhões correntes,1.1
2025-02-01,3. RECEITA LÍQUIDA  (1-2),143860.19468633187,R$ milhões correntes,1.1
2025-03-01,3. RECEITA LÍQUIDA  (1-2),175163.71822207037,R$ milhões correntes,1.1
2025-04-01,3. RECEITA LÍQUIDA  (1-2),213144.04797268097,R$ milhões correntes,1.1
2025-05-01,3. RECEITA LÍQUIDA  (1-2),179137.12456780474,R$ milhões correntes,1.1
2025-06-01,3. RECEITA LÍQUIDA  (1-2),169135.7860079728,R$ milhões correntes,1.1
2025-07-01,3. RECEITA LÍQUIDA  (1-2),201244.66799239555,R$ milhões correntes,1.1
2025-08-01,3. RECEITA LÍQUIDA  (1-2),174216.25468885817,R$ milhões correntes,1.1
2025-09-01,3. RECEITA LÍQUIDA  (1-2),172486.9861694494,R$ milhões correntes,1.1
2025-10-01,3. RECEITA LÍQUIDA  (1-2),229081.37539775044,R$ milhões correntes,1.1
2025-11-01,3. RECEITA LÍQUIDA  (1-2),166953.4578043371,R$ milhões correntes,1.1
2025-12-01,3. RECEITA LÍQUIDA  (1-2),250127.64438846376,R$ milhões correntes,1.1
2019-01-01,4. DESPESA TOTAL,106857.84038951392,R$ milhões correntes,1.1
2019-02-01,4. DESPESA TOTAL,103619.43977887058,R$ milhões correntes,1.1
2019-03-01,4. DESPESA TOTAL,115541.85832659171,R$ milhões correntes,1.1
2019-04-01,4. DESPESA TOTAL,118205.40876205132,R$ milhões correntes,1.1
2019-05-01,4. DESPESA TOTAL,105560.19017018267,R$ milhões correntes,1.1
2019-06-01,4. DESPESA TOTAL,104337.84327967971,R$ milhões correntes,1.1
2019-07-01,4. DESPESA TOTAL,120201.25134801873,R$ milhões correntes,1.1
2019-08-01,4. DESPESA TOTAL,111047.27387551856,R$ milhões correntes,1.1
2019-09-01,4. DESPESA TOTAL,123456.98265360585,R$ milhões correntes,1.1
2019-10-01,4. DESPESA TOTAL,107970.61360505603,R$ milhões correntes,1.1
2019-11-01,4. DESPESA TOTAL,118501.98744323761,R$ milhões correntes,1.1
2019-12-01,4. DESPESA TOTAL,207041.1553074475,R$ milhões correntes,1.1
2020-01-01,4. DESPESA TOTAL,107638.93257262406,R$ milhões correntes,1.1
2020-02-01,4. DESPESA TOTAL,108287.19599363478,R$ milhões correntes,1.1
2020-03-01,4. DESPESA TOTAL,112931.02092164733,R$ milhões correntes,1.1
2020-04-01,4. DESPESA TOTAL,175097.09434414076,R$ milhões correntes,1.1
2020-05-01,4. DESPESA TOTAL,180654.54998558015,R$ milhões correntes,1.1
2020-06-01,4. DESPESA TOTAL,259837.50464134538,R$ milhões correntes,1.1
2020-07-01,4. DESPESA TOTAL,178157.3797683645,R$ milhões correntes,1.1
2020-08-01,4. DESPESA TOTAL,198213.025126211,R$ milhões correntes,1.1
2020-09-01,4. DESPESA TOTAL,182777.38744673933,R$ milhões correntes,1.1
2020-10-01,4. DESPESA TOTAL,136689.37522544083,R$ milhões correntes,1.1
2020-11-01,4. DESPESA TOTAL,131445.62222644567,R$ milhões correntes,1.1
2020-12-01,4. DESPESA TOTAL,175823.81868526433,R$ milhões correntes,1.1
2021-01-01,4. DESPESA TOTAL,112145.19759340555,R$ milhões correntes,1.1
2021-02-01,4. DESPESA TOTAL,116639.12818081555,R$ milhões correntes,1.1
2021-03-01,4. DESPESA TOTAL,116172.90631739557,R$ milhões correntes,1.1
2021-04-01,4. DESPESA TOTAL,122822.17473442556,R$ milhões correntes,1.1
2021-05-01,4. DESPESA TOTAL,133859.76714781555,R$ milhões correntes,1.1
2021-06-01,4. DESPESA TOTAL,184145.90810490557,R$ milhões correntes,1.1
2021-07-01,4. DESPESA TOTAL,158681.19097007558,R$ milhões correntes,1.1
2021-08-01,4. DESPESA TOTAL,127449.38144303556,R$ milhões correntes,1.1
2021-09-01,4. DESPESA TOTAL,127829.11602219555,R$ milhões correntes,1.1
2021-10-01,4. DESPESA TOTAL,127962.11542577556,R$ milhões correntes,1.1
2021-11-01,4. DESPESA TOTAL,126956.53856787556,R$ milhões correntes,1.1
2021-12-01,4. DESPESA TOTAL,159507.35469349555,R$ milhões correntes,1.1
2022-01-01,4. DESPESA TOTAL,126562.22146398555,R$ milhões correntes,1.1
2022-02-01,4. DESPESA TOTAL,137316.25847201556,R$ milhões correntes,1.1
2022-03-01,4. DESPESA TOTAL,147052.20783074555,R$ milhões correntes,1.1
2022-04-01,4. DESPESA TOTAL,137206.31877839554,R$ milhões correntes,1.1
2022-05-01,4. DESPESA TOTAL,161360.03043999558,R$ milhões correntes,1.1
2022-06-01,4. DESPESA TOTAL,176106.15301614554,R$ milhões correntes,1.1
2022-07-01,4. DESPESA TOTAL,143804.96182257557,R$ milhões correntes,1.1
2022-08-01,4. DESPESA TOTAL,190894.58879809553,R$ milhões correntes,1.1
2022-09-01,4. DESPESA TOTAL,136770.01124842555,R$ milhões correntes,1.1
2022-10-01,4. DESPESA TOTAL,142010.75293570553,R$ milhões correntes,1.1
2022-11-01,4. DESPESA TOTAL,142409.86336263554,R$ milhões correntes,1.1
2022-12-01,4. DESPESA TOTAL,168199.72313179553,R$ milhões correntes,1.1
2023-01-01,4. DESPESA TOTAL,141879.44257493556,R$ milhões correntes,1.1
2023-02-01,4. DESPESA TOTAL,143398.87467406556,R$ milhões correntes,1.1
2023-03-01,4. DESPESA TOTAL,152624.10616389554,R$ milhões correntes,1.1
2023-04-01,4. DESPESA TOTAL,154611.36417715554,R$ milhões correntes,1.1
2023-05-01,4. DESPESA TOTAL,190281.08458252554,R$ milhões correntes,1.1
2023-06-01,4. DESPESA TOTAL,190602.28151083557,R$ milhões correntes,1.1
2023-07-01,4. DESPESA TOTAL,196283.49401635554,R$ milhões correntes,1.1
2023-08-01,4. DESPESA TOTAL,161211.74760923552,R$ milhões correntes,1.1
2023-09-01,4. DESPESA TOTAL,158668.53430771554,R$ milhões correntes,1.1
2023-10-01,4. DESPESA TOTAL,161876.67110828555,R$ milhões correntes,1.1
2023-11-01,4. DESPESA TOTAL,175351.73660759555,R$ milhões correntes,1.1
2023-12-01,4. DESPESA TOTAL,303133.2007057656,R$ milhões correntes,1.1
2024-01-01,4. DESPESA TOTAL,158409.60317510556,R$ milhões correntes,1.1
2024-02-01,4. DESPESA TOTAL,190980.44826532557,R$ milhões correntes,1.1
2024-03-01,4. DESPESA TOTAL,165386.24925281556,R$ milhões correntes,1.1
2024-04-01,4. DESPESA TOTAL,180196.15376142558,R$ milhões correntes,1.1
2024-05-01,4. DESPESA TOTAL,225476.77602328558,R$ milhões correntes,1.1
2024-06-01,4. DESPESA TOTAL,199317.76333365554,R$ milhões correntes,1.1
2024-07-01,4. DESPESA TOTAL,192823.67874190558,R$ milhões correntes,1.1
2024-08-01,4. DESPESA TOTAL,171341.32404890558,R$ milhões correntes,1.1
2024-09-01,4. DESPESA TOTAL,168024.65158323554,R$ milhões correntes,1.1
2024-10-01,4. DESPESA TOTAL,168377.84045554558,R$ milhões correntes,1.1
2024-11-01,4. DESPESA TOTAL,172301.16115268558,R$ milhões correntes,1.1
2024-12-01,4. DESPESA TOTAL,212075.64377704554,R$ milhões correntes,1.1
2025-01-01,4. DESPESA TOTAL,172940.00746023556,R$ milhões correntes,1.1
2025-02-01,4. DESPESA TOTAL,175458.33891378558,R$ milhões correntes,1.1
2025-03-01,4. DESPESA TOTAL,173636.44876483554,R$ milhões correntes,1.1
2025-04-01,4. DESPESA TOTAL,194948.82583449053,R$ milhões correntes,1.1
2025-05-01,4. DESPESA TOTAL,219385.98221770558,R$ milhões correntes,1.1
2025-06-01,4. DESPESA TOTAL,213352.22985952557,R$ milhões correntes,1.1
2025-07-01,4. DESPESA TOTAL,260315.08345599557,R$ milhões correntes,1.1
2025-08-01,4. DESPESA TOTAL,189756.45444370556,R$ milhões correntes,1.1
2025-09-01,4. DESPESA TOTAL,186866.18880649557,R$ milhões correntes,1.1
2025-10-01,4. DESPESA TOTAL,192465.57746750556,R$ milhões correntes,1.1
2025-11-01,4. DESPESA TOTAL,187101.10015442054,R$ milhões correntes,1.1
2025-12-01,4. DESPESA TOTAL,228023.3730337756,R$ milhões correntes,1.1
2019-01-01,4.1  Benefícios Previdenciários ,46110.31133175,R$ milhões correntes,1.1
2019-02-01,4.1  Benefícios Previdenciários ,46746.79118785999,R$ milhões correntes,1.1
2019-03-01,4.1  Benefícios Previdenciários ,53787.79844699,R$ milhões correntes,1.1
2019-04-01,4.1  Benefícios Previdenciários ,47678.92309335001,R$ milhões correntes,1.1
2019-05-01,4.1  Benefícios Previdenciários ,47620.46639018001,R$ milhões correntes,1.1
2019-06-01,4.1  Benefícios Previdenciários ,47743.846426170014,R$ milhões correntes,1.1
2019-07-01,4.1  Benefícios Previdenciários ,48288.48788052001,R$ milhões correntes,1.1
2019-08-01,4.1  Benefícios Previdenciários ,53609.62400298,R$ milhões correntes,1.1
2019-09-01,4.1  Benefícios Previdenciários ,66096.13513044002,R$ milhões correntes,1.1
2019-10-01,4.1  Benefícios Previdenciários ,48581.846116650006,R$ milhões correntes,1.1
2019-11-01,4.1  Benefícios Previdenciários ,53744.89754218,R$ milhões correntes,1.1
2019-12-01,4.1  Benefícios Previdenciários ,66501.24751724002,R$ milhões correntes,1.1
2020-01-01,4.1  Benefícios Previdenciários ,48435.33603025,R$ milhões correntes,1.1
2020-02-01,4.1  Benefícios Previdenciários ,50935.62130678,R$ milhões correntes,1.1
2020-03-01,4.1  Benefícios Previdenciários ,50502.073078589994,R$ milhões correntes,1.1
2020-04-01,4.1  Benefícios Previdenciários ,56193.76349128,R$ milhões correntes,1.1
2020-05-01,4.1  Benefícios Previdenciários ,74796.42858018,R$ milhões correntes,1.1
2020-06-01,4.1  Benefícios Previdenciários ,76928.51623091,R$ milhões correntes,1.1
2020-07-01,4.1  Benefícios Previdenciários ,50678.87251892,R$ milhões correntes,1.1
2020-08-01,4.1  Benefícios Previdenciários ,50123.45440522,R$ milhões correntes,1.1
2020-09-01,4.1  Benefícios Previdenciários ,50612.13672846,R$ milhões correntes,1.1
2020-10-01,4.1  Benefícios Previdenciários ,51129.43170072,R$ milhões correntes,1.1
2020-11-01,4.1  Benefícios Previdenciários ,51119.62687069,R$ milhões correntes,1.1
2020-12-01,4.1  Benefícios Previdenciários ,52449.13156498,R$ milhões correntes,1.1
2021-01-01,4.1  Benefícios Previdenciários ,51135.52368183999,R$ milhões correntes,1.1
2021-02-01,4.1  Benefícios Previdenciários ,53558.72430692,R$ milhões correntes,1.1
2021-03-01,4.1  Benefícios Previdenciários ,54534.04025315,R$ milhões correntes,1.1
2021-04-01,4.1  Benefícios Previdenciários ,53975.5809306,R$ milhões correntes,1.1
2021-05-01,4.1  Benefícios Previdenciários ,61107.13019931,R$ milhões correntes,1.1
2021-06-01,4.1  Benefícios Previdenciários ,89235.09630800999,R$ milhões correntes,1.1
2021-07-01,4.1  Benefícios Previdenciários ,73941.31817185001,R$ milhões correntes,1.1
2021-08-01,4.1  Benefícios Previdenciários ,53777.6553432,R$ milhões correntes,1.1
2021-09-01,4.1  Benefícios Previdenciários ,54375.93773053,R$ milhões correntes,1.1
2021-10-01,4.1  Benefícios Previdenciários ,54481.26172556,R$ milhões correntes,1.1
2021-11-01,4.1  Benefícios Previdenciários ,53909.874387120006,R$ milhões correntes,1.1
2021-12-01,4.1  Benefícios Previdenciários ,55550.35824971,R$ milhões correntes,1.1
2022-01-01,4.1  Benefícios Previdenciários ,55692.57516876,R$ milhões correntes,1.1
2022-02-01,4.1  Benefícios Previdenciários ,59061.52509582,R$ milhões correntes,1.1
2022-03-01,4.1  Benefícios Previdenciários ,61552.10956035,R$ milhões correntes,1.1
2022-04-01,4.1  Benefícios Previdenciários ,67072.0691223,R$ milhões correntes,1.1
2022-05-01,4.1  Benefícios Previdenciários ,88995.54681108,R$ milhões correntes,1.1
2022-06-01,4.1  Benefícios Previdenciários ,83428.95312303999,R$ milhões correntes,1.1
2022-07-01,4.1  Benefícios Previdenciários ,61424.54720581,R$ milhões correntes,1.1
2022-08-01,4.1  Benefícios Previdenciários ,71733.79304297999,R$ milhões correntes,1.1
2022-09-01,4.1  Benefícios Previdenciários ,61764.67919306,R$ milhões correntes,1.1
2022-10-01,4.1  Benefícios Previdenciários ,61699.08958785,R$ milhões correntes,1.1
2022-11-01,4.1  Benefícios Previdenciários ,61685.72706119,R$ milhões correntes,1.1
2022-12-01,4.1  Benefícios Previdenciários ,62865.94177926,R$ milhões correntes,1.1
2023-01-01,4.1  Benefícios Previdenciários ,62712.33728121,R$ milhões correntes,1.1
2023-02-01,4.1  Benefícios Previdenciários ,65127.59096487,R$ milhões correntes,1.1
2023-03-01,4.1  Benefícios Previdenciários ,65797.06891345,R$ milhões correntes,1.1
2023-04-01,4.1  Benefícios Previdenciários ,66539.51998652,R$ milhões correntes,1.1
2023-05-01,4.1  Benefícios Previdenciários ,82421.88925064,R$ milhões correntes,1.1
2023-06-01,4.1  Benefícios Previdenciários ,97632.61281638,R$ milhões correntes,1.1
2023-07-01,4.1  Benefícios Previdenciários ,90507.71134871,R$ milhões correntes,1.1
2023-08-01,4.1  Benefícios Previdenciários ,67196.81551385,R$ milhões correntes,1.1
2023-09-01,4.1  Benefícios Previdenciários ,69552.27239673,R$ milhões correntes,1.1
2023-10-01,4.1  Benefícios Previdenciários ,67015.12452448001,R$ milhões correntes,1.1
2023-11-01,4.1  Benefícios Previdenciários ,68196.7126423,R$ milhões correntes,1.1
2023-12-01,4.1  Benefícios Previdenciários ,96173.25653654,R$ milhões correntes,1.1
2024-01-01,4.1  Benefícios Previdenciários ,68430.33684263,R$ milhões correntes,1.1
2024-02-01,4.1  Benefícios Previdenciários ,71736.74812102,R$ milhões correntes,1.1
2024-03-01,4.1  Benefícios Previdenciários ,72459.99563588001,R$ milhões correntes,1.1
2024-04-01,4.1  Benefícios Previdenciários ,80743.06235819,R$ milhões correntes,1.1
2024-05-01,4.1  Benefícios Previdenciários ,110107.07126088001,R$ milhões correntes,1.1
2024-06-01,4.1  Benefícios Previdenciários ,94632.54086992999,R$ milhões correntes,1.1
2024-07-01,4.1  Benefícios Previdenciários ,73375.91441455,R$ milhões correntes,1.1
2024-08-01,4.1  Benefícios Previdenciários ,72622.93058472,R$ milhões correntes,1.1
2024-09-01,4.1  Benefícios Previdenciários ,75474.67312903999,R$ milhões correntes,1.1
2024-10-01,4.1  Benefícios Previdenciários ,72884.02836074,R$ milhões correntes,1.1
2024-11-01,4.1  Benefícios Previdenciários ,73143.89499933,R$ milhões correntes,1.1
2024-12-01,4.1  Benefícios Previdenciários ,72933.34068731,R$ milhões correntes,1.1
2025-01-01,4.1  Benefícios Previdenciários ,73241.50748024,R$ milhões correntes,1.1
2025-02-01,4.1  Benefícios Previdenciários ,77098.43584483,R$ milhões correntes,1.1
2025-03-01,4.1  Benefícios Previdenciários ,77631.28010435,R$ milhões correntes,1.1
2025-04-01,4.1  Benefícios Previdenciários ,87224.21002766,R$ milhões correntes,1.1
2025-05-01,4.1  Benefícios Previdenciários ,112050.55130899,R$ milhões correntes,1.1
2025-06-01,4.1  Benefícios Previdenciários ,105348.05420496,R$ milhões correntes,1.1
2025-07-01,4.1  Benefícios Previdenciários ,97899.02607336,R$ milhões correntes,1.1
2025-08-01,4.1  Benefícios Previdenciários ,78538.61848291,R$ milhões correntes,1.1
2025-09-01,4.1  Benefícios Previdenciários ,78865.71626236,R$ milhões correntes,1.1
2025-10-01,4.1  Benefícios Previdenciários ,78674.41839093,R$ milhões correntes,1.1
2025-11-01,4.1  Benefícios Previdenciários ,79371.88815564,R$ milhões correntes,1.1
2025-12-01,4.1  Benefícios Previdenciários ,80928.83159426,R$ milhões correntes,1.1
2019-01-01,5. RESULTADO PRIMÁRIO GOVERNO CENTRAL - ACIMA DA LINHA (3 - 4),30030.216600393076,R$ milhões correntes,1.1
2019-02-01,5. RESULTADO PRIMÁRIO GOVERNO CENTRAL - ACIMA DA LINHA (3 - 4),-18231.464551645186,R$ milhões correntes,1.1
2019-03-01,5. RESULTADO PRIMÁRIO GOVERNO CENTRAL - ACIMA DA LINHA (3 - 4),-21086.74971898459,R$ milhões correntes,1.1
2019-04-01,5. RESULTADO PRIMÁRIO GOVERNO CENTRAL - ACIMA DA LINHA (3 - 4),6525.663265132869,R$ milhões correntes,1.1
2019-05-01,5. RESULTADO PRIMÁRIO GOVERNO CENTRAL - ACIMA DA LINHA (3 - 4),-14743.01561716394,R$ milhões correntes,1.1
2019-06-01,5. RESULTADO PRIMÁRIO GOVERNO CENTRAL - ACIMA DA LINHA (3 - 4),-11805.305558197433,R$ milhões correntes,1.1
2019-07-01,5. RESULTADO PRIMÁRIO GOVERNO CENTRAL - ACIMA DA LINHA (3 - 4),-5934.257625495826,R$ milhões correntes,1.1
2019-08-01,5. RESULTADO PRIMÁRIO GOVERNO CENTRAL - ACIMA DA LINHA (3 - 4),-16820.62608166423,R$ milhões correntes,1.1
2019-09-01,5. RESULTADO PRIMÁRIO GOVERNO CENTRAL - ACIMA DA LINHA (3 - 4),-20471.848087610895,R$ milhões correntes,1.1
2019-10-01,5. RESULTADO PRIMÁRIO GOVERNO CENTRAL - ACIMA DA LINHA (3 - 4),8683.651781125096,R$ milhões correntes,1.1
2019-11-01,5. RESULTADO PRIMÁRIO GOVERNO CENTRAL - ACIMA DA LINHA (3 - 4),-16574.114768944957,R$ milhões correntes,1.1
2019-12-01,5. RESULTADO PRIMÁRIO GOVERNO CENTRAL - ACIMA DA LINHA (3 - 4),-14636.8963281514,R$ milhões correntes,1.1
2020-01-01,5. RESULTADO PRIMÁRIO GOVERNO CENTRAL - ACIMA DA LINHA (3 - 4),44132.97740499987,R$ milhões correntes,1.1
2020-02-01,5. RESULTADO PRIMÁRIO GOVERNO CENTRAL - ACIMA DA LINHA (3 - 4),-25858.189847564267,R$ milhões correntes,1.1
2020-03-01,5. RESULTADO PRIMÁRIO GOVERNO CENTRAL - ACIMA DA LINHA (3 - 4),-21130.56417119615,R$ milhões correntes,1.1
2020-04-01,5. RESULTADO PRIMÁRIO GOVERNO CENTRAL - ACIMA DA LINHA (3 - 4),-93001.1390113731,R$ milhões correntes,1.1
2020-05-01,5. RESULTADO PRIMÁRIO GOVERNO CENTRAL - ACIMA DA LINHA (3 - 4),-126635.61804725853,R$ milhões correntes,1.1
2020-06-01,5. RESULTADO PRIMÁRIO GOVERNO CENTRAL - ACIMA DA LINHA (3 - 4),-194853.1080639417,R$ milhões correntes,1.1
2020-07-01,5. RESULTADO PRIMÁRIO GOVERNO CENTRAL - ACIMA DA LINHA (3 - 4),-87886.48049763417,R$ milhões correntes,1.1
2020-08-01,5. RESULTADO PRIMÁRIO GOVERNO CENTRAL - ACIMA DA LINHA (3 - 4),-96070.04399363407,R$ milhões correntes,1.1
2020-09-01,5. RESULTADO PRIMÁRIO GOVERNO CENTRAL - ACIMA DA LINHA (3 - 4),-76144.26927506422,R$ milhões correntes,1.1
2020-10-01,5. RESULTADO PRIMÁRIO GOVERNO CENTRAL - ACIMA DA LINHA (3 - 4),-3418.624171820673,R$ milhões correntes,1.1
2020-11-01,5. RESULTADO PRIMÁRIO GOVERNO CENTRAL - ACIMA DA LINHA (3 - 4),-18256.976137516103,R$ milhões correntes,1.1
2020-12-01,5. RESULTADO PRIMÁRIO GOVERNO CENTRAL - ACIMA DA LINHA (3 - 4),-44132.78179245675,R$ milhões correntes,1.1
2021-01-01,5. RESULTADO PRIMÁRIO GOVERNO CENTRAL - ACIMA DA LINHA (3 - 4),43505.096764829505,R$ milhões correntes,1.1
2021-02-01,5. RESULTADO PRIMÁRIO GOVERNO CENTRAL - ACIMA DA LINHA (3 - 4),-21338.637845122284,R$ milhões correntes,1.1
2021-03-01,5. RESULTADO PRIMÁRIO GOVERNO CENTRAL - ACIMA DA LINHA (3 - 4),2038.861522690233,R$ milhões correntes,1.1
2021-04-01,5. RESULTADO PRIMÁRIO GOVERNO CENTRAL - ACIMA DA LINHA (3 - 4),16657.802919978014,R$ milhões correntes,1.1
2021-05-01,5. RESULTADO PRIMÁRIO GOVERNO CENTRAL - ACIMA DA LINHA (3 - 4),-20957.496508571712,R$ milhões correntes,1.1
2021-06-01,5. RESULTADO PRIMÁRIO GOVERNO CENTRAL - ACIMA DA LINHA (3 - 4),-73474.0287449599,R$ milhões correntes,1.1
2021-07-01,5. RESULTADO PRIMÁRIO GOVERNO CENTRAL - ACIMA DA LINHA (3 - 4),-19519.613301945268,R$ milhões correntes,1.1
2021-08-01,5. RESULTADO PRIMÁRIO GOVERNO CENTRAL - ACIMA DA LINHA (3 - 4),-9070.050757942576,R$ milhões correntes,1.1
2021-09-01,5. RESULTADO PRIMÁRIO GOVERNO CENTRAL - ACIMA DA LINHA (3 - 4),590.0988659912546,R$ milhões correntes,1.1
2021-10-01,5. RESULTADO PRIMÁRIO GOVERNO CENTRAL - ACIMA DA LINHA (3 - 4),28482.743559658324,R$ milhões correntes,1.1
2021-11-01,5. RESULTADO PRIMÁRIO GOVERNO CENTRAL - ACIMA DA LINHA (3 - 4),4188.115856653152,R$ milhões correntes,1.1
2021-12-01,5. RESULTADO PRIMÁRIO GOVERNO CENTRAL - ACIMA DA LINHA (3 - 4),13829.17317844939,R$ milhões correntes,1.1
2022-01-01,5. RESULTADO PRIMÁRIO GOVERNO CENTRAL - ACIMA DA LINHA (3 - 4),76810.80355196014,R$ milhões correntes,1.1
2022-02-01,5. RESULTADO PRIMÁRIO GOVERNO CENTRAL - ACIMA DA LINHA (3 - 4),-20366.78753333076,R$ milhões correntes,1.1
2022-03-01,5. RESULTADO PRIMÁRIO GOVERNO CENTRAL - ACIMA DA LINHA (3 - 4),-6417.81510708094,R$ milhões correntes,1.1
2022-04-01,5. RESULTADO PRIMÁRIO GOVERNO CENTRAL - ACIMA DA LINHA (3 - 4),28996.55606411482,R$ milhões correntes,1.1
2022-05-01,5. RESULTADO PRIMÁRIO GOVERNO CENTRAL - ACIMA DA LINHA (3 - 4),-39317.61555416013,R$ milhões correntes,1.1
2022-06-01,5. RESULTADO PRIMÁRIO GOVERNO CENTRAL - ACIMA DA LINHA (3 - 4),14587.692008017533,R$ milhões correntes,1.1
2022-07-01,5. RESULTADO PRIMÁRIO GOVERNO CENTRAL - ACIMA DA LINHA (3 - 4),18935.23470058295,R$ milhões correntes,1.1
2022-08-01,5. RESULTADO PRIMÁRIO GOVERNO CENTRAL - ACIMA DA LINHA (3 - 4),-52282.16946541134,R$ milhões correntes,1.1
2022-09-01,5. RESULTADO PRIMÁRIO GOVERNO CENTRAL - ACIMA DA LINHA (3 - 4),9472.930954621464,R$ milhões correntes,1.1
2022-10-01,5. RESULTADO PRIMÁRIO GOVERNO CENTRAL - ACIMA DA LINHA (3 - 4),28801.1830483776,R$ milhões correntes,1.1
2022-11-01,5. RESULTADO PRIMÁRIO GOVERNO CENTRAL - ACIMA DA LINHA (3 - 4),-16834.09954032107,R$ milhões correntes,1.1
2022-12-01,5. RESULTADO PRIMÁRIO GOVERNO CENTRAL - ACIMA DA LINHA (3 - 4),4022.5484827668406,R$ milhões correntes,1.1
2023-01-01,5. RESULTADO PRIMÁRIO GOVERNO CENTRAL - ACIMA DA LINHA (3 - 4),79045.84739461605,R$ milhões correntes,1.1
2023-02-01,5. RESULTADO PRIMÁRIO GOVERNO CENTRAL - ACIMA DA LINHA (3 - 4),-40510.36243972108,R$ milhões correntes,1.1
2023-03-01,5. RESULTADO PRIMÁRIO GOVERNO CENTRAL - ACIMA DA LINHA (3 - 4),-6645.121654959075,R$ milhões correntes,1.1
2023-04-01,5. RESULTADO PRIMÁRIO GOVERNO CENTRAL - ACIMA DA LINHA (3 - 4),15773.758759295422,R$ milhões correntes,1.1
2023-05-01,5. RESULTADO PRIMÁRIO GOVERNO CENTRAL - ACIMA DA LINHA (3 - 4),-44693.31512298502,R$ milhões correntes,1.1
2023-06-01,5. RESULTADO PRIMÁRIO GOVERNO CENTRAL - ACIMA DA LINHA (3 - 4),-44943.19039635919,R$ milhões correntes,1.1
2023-07-01,5. RESULTADO PRIMÁRIO GOVERNO CENTRAL - ACIMA DA LINHA (3 - 4),-35781.263066122425,R$ milhões correntes,1.1
2023-08-01,5. RESULTADO PRIMÁRIO GOVERNO CENTRAL - ACIMA DA LINHA (3 - 4),-26610.037382116483,R$ milhões correntes,1.1
2023-09-01,5. RESULTADO PRIMÁRIO GOVERNO CENTRAL - ACIMA DA LINHA (3 - 4),11705.350498932443,R$ milhões correntes,1.1
2023-10-01,5. RESULTADO PRIMÁRIO GOVERNO CENTRAL - ACIMA DA LINHA (3 - 4),18262.956416452973,R$ milhões correntes,1.1
2023-11-01,5. RESULTADO PRIMÁRIO GOVERNO CENTRAL - ACIMA DA LINHA (3 - 4),-38070.60833245813,R$ milhões correntes,1.1
2023-12-01,5. RESULTADO PRIMÁRIO GOVERNO CENTRAL - ACIMA DA LINHA (3 - 4),-116033.3959672291,R$ milhões correntes,1.1
2024-01-01,5. RESULTADO PRIMÁRIO GOVERNO CENTRAL - ACIMA DA LINHA (3 - 4),79462.48237763066,R$ milhões correntes,1.1
2024-02-01,5. RESULTADO PRIMÁRIO GOVERNO CENTRAL - ACIMA DA LINHA (3 - 4),-58267.086838969146,R$ milhões correntes,1.1
2024-03-01,5. RESULTADO PRIMÁRIO GOVERNO CENTRAL - ACIMA DA LINHA (3 - 4),-1024.396439941018,R$ milhões correntes,1.1
2024-04-01,5. RESULTADO PRIMÁRIO GOVERNO CENTRAL - ACIMA DA LINHA (3 - 4),11584.841033819277,R$ milhões correntes,1.1
2024-05-01,5. RESULTADO PRIMÁRIO GOVERNO CENTRAL - ACIMA DA LINHA (3 - 4),-60408.03536657241,R$ milhões correntes,1.1
2024-06-01,5. RESULTADO PRIMÁRIO GOVERNO CENTRAL - ACIMA DA LINHA (3 - 4),-38720.586800415826,R$ milhões correntes,1.1
2024-07-01,5. RESULTADO PRIMÁRIO GOVERNO CENTRAL - ACIMA DA LINHA (3 - 4),-8867.62610881636,R$ milhões correntes,1.1
2024-08-01,5. RESULTADO PRIMÁRIO GOVERNO CENTRAL - ACIMA DA LINHA (3 - 4),-22161.958452366904,R$ milhões correntes,1.1
2024-09-01,5. RESULTADO PRIMÁRIO GOVERNO CENTRAL - ACIMA DA LINHA (3 - 4),-5170.332007864781,R$ milhões correntes,1.1
2024-10-01,5. RESULTADO PRIMÁRIO GOVERNO CENTRAL - ACIMA DA LINHA (3 - 4),41045.716106165055,R$ milhões correntes,1.1
2024-11-01,5. RESULTADO PRIMÁRIO GOVERNO CENTRAL - ACIMA DA LINHA (3 - 4),-4502.912022349541,R$ milhões correntes,1.1
2024-12-01,5. RESULTADO PRIMÁRIO GOVERNO CENTRAL - ACIMA DA LINHA (3 - 4),24106.202979114896,R$ milhões correntes,1.1
2025-01-01,5. RESULTADO PRIMÁRIO GOVERNO CENTRAL - ACIMA DA LINHA (3 - 4),85064.03607313696,R$ milhões correntes,1.1
2025-02-01,5. RESULTADO PRIMÁRIO GOVERNO CENTRAL - ACIMA DA LINHA (3 - 4),-31598.14422745371,R$ milhões correntes,1.1
2025-03-01,5. RESULTADO PRIMÁRIO GOVERNO CENTRAL - ACIMA DA LINHA (3 - 4),1527.2694572348264,R$ milhões correntes,1.1
2025-04-01,5. RESULTADO PRIMÁRIO GOVERNO CENTRAL - ACIMA DA LINHA (3 - 4),18195.22213819044,R$ milhões correntes,1.1
2025-05-01,5. RESULTADO PRIMÁRIO GOVERNO CENTRAL - ACIMA DA LINHA (3 - 4),-40248.857649900834,R$ milhões correntes,1.1
2025-06-01,5. RESULTADO PRIMÁRIO GOVERNO CENTRAL - ACIMA DA LINHA (3 - 4),-44216.44385155276,R$ milhões correntes,1.1
2025-07-01,5. RESULTADO PRIMÁRIO GOVERNO CENTRAL - ACIMA DA LINHA (3 - 4),-59070.41546360002,R$ milhões correntes,1.1
2025-08-01,5. RESULTADO PRIMÁRIO GOVERNO CENTRAL - ACIMA DA LINHA (3 - 4),-15540.199754847388,R$ milhões correntes,1.1
2025-09-01,5. RESULTADO PRIMÁRIO GOVERNO CENTRAL - ACIMA DA LINHA (3 - 4),-14379.202637046168,R$ milhões correntes,1.1
2025-10-01,5. RESULTADO PRIMÁRIO GOVERNO CENTRAL - ACIMA DA LINHA (3 - 4),36615.79793024488,R$ milhões correntes,1.1
2025-11-01,5. RESULTADO PRIMÁRIO GOVERNO CENTRAL - ACIMA DA LINHA (3 - 4),-20147.64235008345,R$ milhões correntes,1.1
2025-12-01,5. RESULTADO PRIMÁRIO GOVERNO CENTRAL - ACIMA DA LINHA (3 - 4),22104.271354688157,R$ milhões correntes,1.1
